Channel,Caesium,Channel,Cobalt,Channel,Natrium,,,,,,,,
0,65,0,0,0,60,,,,,,Caesium,Cobalt,Natrium
1,84,1,3,1,47,,,,,Peak bei Channel,"233,3 pm 6,2","401,4 pm 7","158,8 pm 5,6"
2,106,2,1,2,60,,,,,,,"455,0 pm 6,7","445,6 pm 7,0"
3,106,3,1,3,38,,,,,,,"851,5 pm 10,5","627,0 pm 81"
4,121,4,0,4,32,,,,,,,,
5,142,5,0,5,38,,,,,,,,
6,211,6,3,6,57,,,,,,,,
7,389,7,9,7,183,,,,,,,,
8,745,8,23,8,486,,,,,,,,
9,1171,9,41,9,803,,,,,,,,
10,1617,10,49,10,1043,,,,,,,,
11,1829,11,49,11,1277,,,,,,,,
12,1961,12,65,12,1279,,,,,,,,
13,2066,13,67,13,1349,,,,,,,,
14,1883,14,78,14,1304,,,,,,,,
15,1818,15,58,15,1284,,,,,,,,
16,1773,16,68,16,1298,,,,,,,,
17,1797,17,80,17,1057,,,,,,,,
18,1680,18,66,18,1024,,,,,,,,
19,1611,19,47,19,832,,,,,,,,
20,1331,20,49,20,593,,,,,,,,
21,1025,21,18,21,321,,,,,,,,
22,806,22,13,22,235,,,,,,,,
23,964,23,24,23,317,,,,,,,,
24,1208,24,32,24,549,,,,,,,,
25,1588,25,61,25,781,,,,,,,,
26,1634,26,61,26,863,,,,,,,,
27,1818,27,88,27,1012,,,,,,,,
28,1782,28,94,28,998,,,,,,,,
29,1788,29,103,29,1070,,,,,,,,
30,1830,30,84,30,1037,,,,,,,,
31,1762,31,94,31,1056,,,,,,,,
32,1725,32,100,32,1005,,,,,,,,
33,1698,33,87,33,1044,,,,,,,,
34,1648,34,80,34,976,,,,,,,,
35,1618,35,84,35,1009,,,,,,,,
36,1611,36,93,36,951,,,,,,,,
37,1532,37,94,37,966,,,,,,,,
38,1601,38,78,38,887,,,,,,,,
39,1533,39,85,39,986,,,,,,,,
40,1598,40,86,40,1002,,,,,,,,
41,1568,41,87,41,964,,,,,,,,
42,1665,42,86,42,977,,,,,,,,
43,1720,43,87,43,923,,,,,,,,
44,1699,44,83,44,966,,,,,,,,
45,1757,45,78,45,1015,,,,,,,,
46,1785,46,84,46,991,,,,,,,,
47,1813,47,72,47,1000,,,,,,,,
48,1802,48,78,48,1011,,,,,,,,
49,1785,49,89,49,1003,,,,,,,,
50,1875,50,97,50,983,,,,,,,,
51,1877,51,90,51,1068,,,,,,,,
52,1878,52,71,52,982,,,,,,,,
53,1787,53,92,53,1024,,,,,,,,
54,1986,54,93,54,1046,,,,,,,,
55,1991,55,100,55,1023,,,,,,,,
56,1933,56,75,56,1075,,,,,,,,
57,1900,57,74,57,1097,,,,,,,,
58,2053,58,86,58,1081,,,,,,,,
59,1873,59,75,59,1113,,,,,,,,
60,2047,60,98,60,1103,,,,,,,,
61,2056,61,82,61,1114,,,,,,,,
62,2097,62,75,62,1139,,,,,,,,
63,2117,63,74,63,1221,,,,,,,,
64,2227,64,72,64,1281,,,,,,,,
65,2339,65,79,65,1312,,,,,,,,
66,2494,66,65,66,1379,,,,,,,,
67,2639,67,81,67,1329,,,,,,,,
68,2899,68,86,68,1495,,,,,,,,
69,2953,69,92,69,1455,,,,,,,,
70,3170,70,94,70,1444,,,,,,,,
71,3279,71,93,71,1439,,,,,,,,
72,3395,72,84,72,1461,,,,,,,,
73,3337,73,92,73,1390,,,,,,,,
74,3231,74,76,74,1438,,,,,,,,
75,3254,75,84,75,1364,,,,,,,,
76,3097,76,87,76,1382,,,,,,,,
77,3080,77,86,77,1322,,,,,,,,
78,2861,78,112,78,1349,,,,,,,,
79,2846,79,108,79,1374,,,,,,,,
80,2770,80,112,80,1329,,,,,,,,
81,2728,81,100,81,1293,,,,,,,,
82,2645,82,115,82,1328,,,,,,,,
83,2601,83,100,83,1330,,,,,,,,
84,2528,84,122,84,1314,,,,,,,,
85,2399,85,102,85,1272,,,,,,,,
86,2374,86,111,86,1259,,,,,,,,
87,2337,87,103,87,1283,,,,,,,,
88,2236,88,80,88,1256,,,,,,,,
89,2286,89,88,89,1248,,,,,,,,
90,2199,90,89,90,1281,,,,,,,,
91,2169,91,105,91,1212,,,,,,,,
92,2093,92,80,92,1210,,,,,,,,
93,2111,93,84,93,1199,,,,,,,,
94,1984,94,69,94,1161,,,,,,,,
95,2062,95,81,95,1154,,,,,,,,
96,2063,96,89,96,1225,,,,,,,,
97,1953,97,78,97,1178,,,,,,,,
98,2028,98,69,98,1159,,,,,,,,
99,1963,99,72,99,1156,,,,,,,,
100,1836,100,87,100,1150,,,,,,,,
101,1872,101,64,101,1146,,,,,,,,
102,1823,102,68,102,1199,,,,,,,,
103,1881,103,46,103,1180,,,,,,,,
104,1847,104,69,104,1190,,,,,,,,
105,1872,105,55,105,1177,,,,,,,,
106,1779,106,72,106,1086,,,,,,,,
107,1788,107,82,107,1159,,,,,,,,
108,1674,108,67,108,1190,,,,,,,,
109,1701,109,46,109,1200,,,,,,,,
110,1770,110,65,110,1159,,,,,,,,
111,1669,111,65,111,1148,,,,,,,,
112,1701,112,65,112,1175,,,,,,,,
113,1681,113,63,113,1163,,,,,,,,
114,1672,114,56,114,1232,,,,,,,,
115,1616,115,60,115,1183,,,,,,,,
116,1693,116,46,116,1089,,,,,,,,
117,1688,117,55,117,1108,,,,,,,,
118,1601,118,52,118,1067,,,,,,,,
119,1605,119,63,119,1073,,,,,,,,
120,1643,120,52,120,1038,,,,,,,,
121,1639,121,48,121,998,,,,,,,,
122,1652,122,66,122,961,,,,,,,,
123,1663,123,56,123,911,,,,,,,,
124,1561,124,62,124,782,,,,,,,,
125,1647,125,42,125,742,,,,,,,,
126,1533,126,37,126,735,,,,,,,,
127,1600,127,63,127,648,,,,,,,,
128,1466,128,52,128,647,,,,,,,,
129,1531,129,42,129,639,,,,,,,,
130,1567,130,48,130,629,,,,,,,,
131,1573,131,58,131,607,,,,,,,,
132,1572,132,59,132,611,,,,,,,,
133,1556,133,48,133,632,,,,,,,,
134,1595,134,49,134,589,,,,,,,,
135,1576,135,56,135,549,,,,,,,,
136,1544,136,59,136,576,,,,,,,,
137,1575,137,44,137,614,,,,,,,,
138,1608,138,49,138,519,,,,,,,,
139,1531,139,46,139,537,,,,,,,,
140,1579,140,54,140,549,,,,,,,,
141,1603,141,43,141,497,,,,,,,,
142,1522,142,38,142,525,,,,,,,,
143,1557,143,38,143,516,,,,,,,,
144,1589,144,38,144,500,,,,,,,,
145,1592,145,50,145,512,,,,,,,,
146,1645,146,40,146,481,,,,,,,,
147,1556,147,46,147,567,,,,,,,,
148,1655,148,38,148,476,,,,,,,,
149,1561,149,39,149,499,,,,,,,,
150,1606,150,44,150,453,,,,,,,,
151,1602,151,55,151,546,,,,,,,,
152,1564,152,51,152,528,,,,,,,,
153,1585,153,45,153,505,,,,,,,,
154,1586,154,49,154,480,,,,,,,,
155,1639,155,46,155,485,,,,,,,,
156,1573,156,48,156,486,,,,,,,,
157,1561,157,35,157,483,,,,,,,,
158,1584,158,45,158,487,,,,,,,,
159,1584,159,55,159,483,,,,,,,,
160,1569,160,39,160,499,,,,,,,,
161,1528,161,44,161,516,,,,,,,,
162,1430,162,34,162,524,,,,,,,,
163,1392,163,39,163,540,,,,,,,,
164,1464,164,40,164,563,,,,,,,,
165,1352,165,47,165,533,,,,,,,,
166,1266,166,52,166,566,,,,,,,,
167,1186,167,42,167,568,,,,,,,,
168,1176,168,41,168,637,,,,,,,,
169,1056,169,55,169,718,,,,,,,,
170,1029,170,39,170,805,,,,,,,,
171,949,171,38,171,950,,,,,,,,
172,877,172,31,172,1196,,,,,,,,
173,848,173,41,173,1451,,,,,,,,
174,808,174,44,174,1863,,,,,,,,
175,794,175,35,175,2440,,,,,,,,
176,761,176,39,176,3079,,,,,,,,
177,774,177,38,177,3837,,,,,,,,
178,730,178,41,178,4812,,,,,,,,
179,717,179,29,179,5610,,,,,,,,
180,667,180,34,180,6630,,,,,,,,
181,683,181,46,181,7736,,,,,,,,
182,656,182,43,182,8774,,,,,,,,
183,650,183,32,183,9768,,,,,,,,
184,619,184,35,184,10342,,,,,,,,
185,646,185,47,185,10960,,,,,,,,
186,595,186,34,186,11335,,,,,,,,
187,576,187,32,187,10962,,,,,,,,
188,596,188,43,188,10698,,,,,,,,
189,571,189,45,189,9882,,,,,,,,
190,575,190,32,190,8750,,,,,,,,
191,619,191,26,191,7864,,,,,,,,
192,582,192,34,192,6759,,,,,,,,
193,522,193,32,193,5763,,,,,,,,
194,547,194,35,194,4454,,,,,,,,
195,571,195,34,195,3471,,,,,,,,
196,622,196,42,196,2710,,,,,,,,
197,607,197,48,197,2034,,,,,,,,
198,581,198,42,198,1493,,,,,,,,
199,561,199,41,199,1199,,,,,,,,
200,587,200,44,200,855,,,,,,,,
201,585,201,36,201,717,,,,,,,,
202,590,202,20,202,612,,,,,,,,
203,630,203,46,203,529,,,,,,,,
204,595,204,38,204,527,,,,,,,,
205,643,205,44,205,425,,,,,,,,
206,630,206,42,206,412,,,,,,,,
207,625,207,43,207,420,,,,,,,,
208,676,208,36,208,420,,,,,,,,
209,694,209,36,209,417,,,,,,,,
210,722,210,44,210,397,,,,,,,,
211,760,211,29,211,422,,,,,,,,
212,788,212,44,212,396,,,,,,,,
213,852,213,36,213,414,,,,,,,,
214,978,214,38,214,432,,,,,,,,
215,1117,215,31,215,438,,,,,,,,
216,1246,216,47,216,431,,,,,,,,
217,1427,217,37,217,407,,,,,,,,
218,1790,218,41,218,394,,,,,,,,
219,2055,219,35,219,441,,,,,,,,
220,2514,220,44,220,405,,,,,,,,
221,2989,221,34,221,388,,,,,,,,
222,3840,222,46,222,431,,,,,,,,
223,4509,223,31,223,392,,,,,,,,
224,5527,224,33,224,414,,,,,,,,
225,6746,225,55,225,379,,,,,,,,
226,7549,226,35,226,406,,,,,,,,
227,8870,227,39,227,396,,,,,,,,
228,10226,228,33,228,367,,,,,,,,
229,11266,229,33,229,399,,,,,,,,
230,12379,230,22,230,422,,,,,,,,
231,13120,231,36,231,374,,,,,,,,
232,14001,232,36,232,390,,,,,,,,
233,14552,233,39,233,378,,,,,,,,
234,14762,234,45,234,399,,,,,,,,
235,14332,235,38,235,420,,,,,,,,
236,13534,236,34,236,428,,,,,,,,
237,12814,237,45,237,410,,,,,,,,
238,11798,238,27,238,404,,,,,,,,
239,10760,239,33,239,469,,,,,,,,
240,9360,240,36,240,476,,,,,,,,
241,8041,241,31,241,437,,,,,,,,
242,6698,242,32,242,481,,,,,,,,
243,5443,243,42,243,463,,,,,,,,
244,4390,244,42,244,476,,,,,,,,
245,3381,245,33,245,542,,,,,,,,
246,2531,246,33,246,511,,,,,,,,
247,2093,247,42,247,543,,,,,,,,
248,1513,248,45,248,591,,,,,,,,
249,1163,249,38,249,587,,,,,,,,
250,881,250,40,250,626,,,,,,,,
251,671,251,45,251,607,,,,,,,,
252,559,252,32,252,648,,,,,,,,
253,434,253,34,253,650,,,,,,,,
254,360,254,39,254,703,,,,,,,,
255,358,255,38,255,658,,,,,,,,
256,318,256,33,256,627,,,,,,,,
257,293,257,33,257,654,,,,,,,,
258,294,258,30,258,645,,,,,,,,
259,288,259,37,259,600,,,,,,,,
260,287,260,33,260,594,,,,,,,,
261,266,261,39,261,560,,,,,,,,
262,251,262,28,262,598,,,,,,,,
263,258,263,42,263,596,,,,,,,,
264,273,264,31,264,569,,,,,,,,
265,254,265,39,265,502,,,,,,,,
266,260,266,30,266,556,,,,,,,,
267,269,267,32,267,524,,,,,,,,
268,259,268,47,268,524,,,,,,,,
269,261,269,42,269,472,,,,,,,,
270,247,270,36,270,522,,,,,,,,
271,246,271,34,271,482,,,,,,,,
272,247,272,38,272,495,,,,,,,,
273,245,273,33,273,532,,,,,,,,
274,211,274,30,274,477,,,,,,,,
275,233,275,46,275,488,,,,,,,,
276,231,276,32,276,474,,,,,,,,
277,237,277,34,277,456,,,,,,,,
278,224,278,41,278,468,,,,,,,,
279,232,279,35,279,393,,,,,,,,
280,214,280,43,280,438,,,,,,,,
281,241,281,34,281,416,,,,,,,,
282,204,282,26,282,409,,,,,,,,
283,208,283,39,283,412,,,,,,,,
284,225,284,35,284,439,,,,,,,,
285,236,285,39,285,399,,,,,,,,
286,227,286,39,286,401,,,,,,,,
287,219,287,38,287,392,,,,,,,,
288,207,288,34,288,410,,,,,,,,
289,193,289,44,289,399,,,,,,,,
290,250,290,37,290,404,,,,,,,,
291,193,291,51,291,373,,,,,,,,
292,187,292,41,292,360,,,,,,,,
293,184,293,38,293,361,,,,,,,,
294,195,294,46,294,344,,,,,,,,
295,205,295,36,295,366,,,,,,,,
296,198,296,34,296,408,,,,,,,,
297,195,297,46,297,382,,,,,,,,
298,185,298,38,298,393,,,,,,,,
299,210,299,51,299,379,,,,,,,,
300,204,300,28,300,385,,,,,,,,
301,198,301,35,301,342,,,,,,,,
302,202,302,50,302,373,,,,,,,,
303,201,303,44,303,363,,,,,,,,
304,210,304,37,304,391,,,,,,,,
305,201,305,45,305,350,,,,,,,,
306,183,306,45,306,430,,,,,,,,
307,185,307,30,307,353,,,,,,,,
308,197,308,36,308,342,,,,,,,,
309,193,309,47,309,365,,,,,,,,
310,168,310,41,310,371,,,,,,,,
311,170,311,40,311,391,,,,,,,,
312,178,312,41,312,368,,,,,,,,
313,174,313,41,313,341,,,,,,,,
314,173,314,41,314,336,,,,,,,,
315,187,315,39,315,357,,,,,,,,
316,148,316,50,316,337,,,,,,,,
317,176,317,38,317,338,,,,,,,,
318,148,318,43,318,352,,,,,,,,
319,171,319,48,319,334,,,,,,,,
320,149,320,38,320,373,,,,,,,,
321,132,321,43,321,363,,,,,,,,
322,156,322,39,322,343,,,,,,,,
323,150,323,32,323,346,,,,,,,,
324,145,324,40,324,351,,,,,,,,
325,131,325,40,325,373,,,,,,,,
326,140,326,28,326,378,,,,,,,,
327,162,327,33,327,355,,,,,,,,
328,139,328,39,328,364,,,,,,,,
329,143,329,41,329,338,,,,,,,,
330,120,330,31,330,361,,,,,,,,
331,121,331,22,331,326,,,,,,,,
332,118,332,29,332,346,,,,,,,,
333,117,333,32,333,334,,,,,,,,
334,106,334,35,334,340,,,,,,,,
335,113,335,32,335,367,,,,,,,,
336,123,336,37,336,356,,,,,,,,
337,113,337,34,337,379,,,,,,,,
338,130,338,32,338,365,,,,,,,,
339,123,339,40,339,325,,,,,,,,
340,121,340,34,340,351,,,,,,,,
341,125,341,27,341,384,,,,,,,,
342,103,342,27,342,341,,,,,,,,
343,121,343,33,343,360,,,,,,,,
344,128,344,36,344,370,,,,,,,,
345,122,345,29,345,376,,,,,,,,
346,96,346,33,346,366,,,,,,,,
347,120,347,25,347,393,,,,,,,,
348,105,348,22,348,344,,,,,,,,
349,117,349,25,349,343,,,,,,,,
350,133,350,25,350,342,,,,,,,,
351,108,351,27,351,369,,,,,,,,
352,99,352,28,352,358,,,,,,,,
353,104,353,19,353,377,,,,,,,,
354,122,354,35,354,366,,,,,,,,
355,107,355,33,355,376,,,,,,,,
356,114,356,26,356,367,,,,,,,,
357,96,357,30,357,335,,,,,,,,
358,114,358,24,358,356,,,,,,,,
359,114,359,22,359,364,,,,,,,,
360,90,360,22,360,347,,,,,,,,
361,113,361,30,361,330,,,,,,,,
362,113,362,27,362,343,,,,,,,,
363,97,363,37,363,338,,,,,,,,
364,106,364,37,364,351,,,,,,,,
365,69,365,23,365,352,,,,,,,,
366,94,366,23,366,333,,,,,,,,
367,96,367,28,367,325,,,,,,,,
368,92,368,26,368,323,,,,,,,,
369,107,369,35,369,290,,,,,,,,
370,108,370,28,370,270,,,,,,,,
371,84,371,32,371,308,,,,,,,,
372,95,372,22,372,330,,,,,,,,
373,94,373,25,373,279,,,,,,,,
374,89,374,23,374,285,,,,,,,,
375,84,375,26,375,287,,,,,,,,
376,87,376,28,376,270,,,,,,,,
377,83,377,21,377,211,,,,,,,,
378,99,378,19,378,255,,,,,,,,
379,84,379,19,379,257,,,,,,,,
380,97,380,27,380,234,,,,,,,,
381,98,381,23,381,240,,,,,,,,
382,89,382,28,382,255,,,,,,,,
383,79,383,29,383,224,,,,,,,,
384,82,384,27,384,230,,,,,,,,
385,82,385,31,385,221,,,,,,,,
386,59,386,19,386,209,,,,,,,,
387,72,387,49,387,212,,,,,,,,
388,88,388,54,388,241,,,,,,,,
389,74,389,57,389,223,,,,,,,,
390,66,390,62,390,222,,,,,,,,
391,80,391,79,391,252,,,,,,,,
392,77,392,83,392,232,,,,,,,,
393,67,393,89,393,188,,,,,,,,
394,64,394,83,394,220,,,,,,,,
395,64,395,98,395,215,,,,,,,,
396,87,396,105,396,222,,,,,,,,
397,53,397,134,397,203,,,,,,,,
398,81,398,133,398,194,,,,,,,,
399,71,399,134,399,175,,,,,,,,
400,74,400,155,400,198,,,,,,,,
401,58,401,141,401,200,,,,,,,,
402,78,402,128,402,225,,,,,,,,
403,63,403,144,403,183,,,,,,,,
404,60,404,127,404,177,,,,,,,,
405,88,405,137,405,210,,,,,,,,
406,58,406,129,406,189,,,,,,,,
407,72,407,109,407,199,,,,,,,,
408,73,408,112,408,224,,,,,,,,
409,61,409,115,409,197,,,,,,,,
410,62,410,86,410,202,,,,,,,,
411,63,411,93,411,204,,,,,,,,
412,51,412,80,412,198,,,,,,,,
413,59,413,79,413,187,,,,,,,,
414,68,414,66,414,193,,,,,,,,
415,53,415,51,415,184,,,,,,,,
416,63,416,49,416,206,,,,,,,,
417,72,417,42,417,176,,,,,,,,
418,51,418,43,418,199,,,,,,,,
419,68,419,35,419,203,,,,,,,,
420,63,420,25,420,217,,,,,,,,
421,74,421,26,421,239,,,,,,,,
422,55,422,18,422,234,,,,,,,,
423,71,423,19,423,259,,,,,,,,
424,49,424,14,424,258,,,,,,,,
425,58,425,17,425,261,,,,,,,,
426,67,426,7,426,288,,,,,,,,
427,73,427,19,427,322,,,,,,,,
428,74,428,14,428,372,,,,,,,,
429,59,429,15,429,387,,,,,,,,
430,74,430,11,430,405,,,,,,,,
431,73,431,19,431,464,,,,,,,,
432,80,432,26,432,544,,,,,,,,
433,72,433,17,433,593,,,,,,,,
434,75,434,25,434,690,,,,,,,,
435,59,435,24,435,760,,,,,,,,
436,67,436,24,436,789,,,,,,,,
437,67,437,18,437,878,,,,,,,,
438,70,438,24,438,947,,,,,,,,
439,66,439,30,439,1025,,,,,,,,
440,62,440,27,440,1097,,,,,,,,
441,64,441,41,441,1162,,,,,,,,
442,80,442,48,442,1192,,,,,,,,
443,69,443,58,443,1229,,,,,,,,
444,70,444,74,444,1242,,,,,,,,
445,87,445,50,445,1309,,,,,,,,
446,71,446,80,446,1277,,,,,,,,
447,85,447,85,447,1313,,,,,,,,
448,67,448,87,448,1209,,,,,,,,
449,90,449,108,449,1264,,,,,,,,
450,79,450,97,450,1185,,,,,,,,
451,97,451,86,451,1154,,,,,,,,
452,99,452,110,452,1147,,,,,,,,
453,99,453,110,453,1028,,,,,,,,
454,114,454,127,454,942,,,,,,,,
455,79,455,97,455,934,,,,,,,,
456,83,456,97,456,860,,,,,,,,
457,94,457,120,457,769,,,,,,,,
458,123,458,110,458,740,,,,,,,,
459,110,459,110,459,668,,,,,,,,
460,94,460,111,460,613,,,,,,,,
461,100,461,105,461,562,,,,,,,,
462,103,462,82,462,468,,,,,,,,
463,85,463,69,463,453,,,,,,,,
464,83,464,72,464,409,,,,,,,,
465,79,465,69,465,365,,,,,,,,
466,90,466,52,466,382,,,,,,,,
467,71,467,43,467,351,,,,,,,,
468,64,468,45,468,323,,,,,,,,
469,64,469,45,469,296,,,,,,,,
470,80,470,30,470,274,,,,,,,,
471,59,471,29,471,260,,,,,,,,
472,51,472,25,472,256,,,,,,,,
473,52,473,22,473,251,,,,,,,,
474,42,474,20,474,259,,,,,,,,
475,29,475,22,475,268,,,,,,,,
476,28,476,20,476,257,,,,,,,,
477,29,477,12,477,266,,,,,,,,
478,24,478,6,478,257,,,,,,,,
479,15,479,15,479,237,,,,,,,,
480,18,480,16,480,263,,,,,,,,
481,17,481,4,481,266,,,,,,,,
482,13,482,8,482,259,,,,,,,,
483,15,483,3,483,200,,,,,,,,
484,16,484,8,484,231,,,,,,,,
485,10,485,6,485,221,,,,,,,,
486,12,486,10,486,255,,,,,,,,
487,8,487,12,487,260,,,,,,,,
488,5,488,8,488,211,,,,,,,,
489,8,489,6,489,237,,,,,,,,
490,7,490,9,490,228,,,,,,,,
491,7,491,7,491,196,,,,,,,,
492,7,492,5,492,257,,,,,,,,
493,5,493,4,493,261,,,,,,,,
494,6,494,10,494,249,,,,,,,,
495,6,495,5,495,253,,,,,,,,
496,6,496,7,496,262,,,,,,,,
497,5,497,10,497,227,,,,,,,,
498,5,498,9,498,280,,,,,,,,
499,7,499,4,499,248,,,,,,,,
500,6,500,9,500,206,,,,,,,,
501,3,501,11,501,282,,,,,,,,
502,5,502,5,502,232,,,,,,,,
503,3,503,6,503,258,,,,,,,,
504,8,504,9,504,283,,,,,,,,
505,3,505,7,505,233,,,,,,,,
506,6,506,9,506,243,,,,,,,,
507,5,507,5,507,283,,,,,,,,
508,5,508,6,508,241,,,,,,,,
509,4,509,6,509,267,,,,,,,,
510,4,510,7,510,252,,,,,,,,
511,4,511,3,511,287,,,,,,,,
512,1,512,3,512,218,,,,,,,,
513,1,513,4,513,253,,,,,,,,
514,4,514,4,514,237,,,,,,,,
515,8,515,7,515,241,,,,,,,,
516,6,516,1,516,282,,,,,,,,
517,5,517,7,517,280,,,,,,,,
518,3,518,4,518,239,,,,,,,,
519,7,519,5,519,252,,,,,,,,
520,2,520,3,520,263,,,,,,,,
521,5,521,3,521,263,,,,,,,,
522,9,522,6,522,271,,,,,,,,
523,2,523,7,523,259,,,,,,,,
524,5,524,4,524,242,,,,,,,,
525,2,525,5,525,266,,,,,,,,
526,4,526,4,526,263,,,,,,,,
527,5,527,6,527,250,,,,,,,,
528,3,528,9,528,239,,,,,,,,
529,7,529,7,529,252,,,,,,,,
530,1,530,7,530,260,,,,,,,,
531,2,531,7,531,237,,,,,,,,
532,3,532,5,532,238,,,,,,,,
533,3,533,7,533,243,,,,,,,,
534,4,534,4,534,249,,,,,,,,
535,5,535,3,535,229,,,,,,,,
536,5,536,5,536,232,,,,,,,,
537,4,537,5,537,220,,,,,,,,
538,1,538,7,538,243,,,,,,,,
539,2,539,5,539,244,,,,,,,,
540,0,540,7,540,243,,,,,,,,
541,2,541,6,541,222,,,,,,,,
542,2,542,7,542,229,,,,,,,,
543,3,543,2,543,191,,,,,,,,
544,4,544,3,544,223,,,,,,,,
545,6,545,6,545,222,,,,,,,,
546,4,546,6,546,224,,,,,,,,
547,3,547,7,547,193,,,,,,,,
548,2,548,9,548,196,,,,,,,,
549,2,549,3,549,210,,,,,,,,
550,1,550,6,550,220,,,,,,,,
551,1,551,2,551,211,,,,,,,,
552,8,552,10,552,192,,,,,,,,
553,3,553,3,553,207,,,,,,,,
554,2,554,3,554,192,,,,,,,,
555,2,555,6,555,179,,,,,,,,
556,2,556,2,556,175,,,,,,,,
557,3,557,5,557,180,,,,,,,,
558,4,558,5,558,168,,,,,,,,
559,1,559,3,559,167,,,,,,,,
560,1,560,5,560,142,,,,,,,,
561,3,561,7,561,166,,,,,,,,
562,3,562,3,562,144,,,,,,,,
563,3,563,5,563,143,,,,,,,,
564,2,564,6,564,145,,,,,,,,
565,1,565,7,565,123,,,,,,,,
566,2,566,7,566,144,,,,,,,,
567,1,567,3,567,115,,,,,,,,
568,4,568,6,568,131,,,,,,,,
569,2,569,3,569,125,,,,,,,,
570,2,570,5,570,114,,,,,,,,
571,1,571,2,571,113,,,,,,,,
572,2,572,4,572,101,,,,,,,,
573,3,573,8,573,110,,,,,,,,
574,1,574,5,574,100,,,,,,,,
575,2,575,4,575,98,,,,,,,,
576,2,576,4,576,99,,,,,,,,
577,3,577,7,577,85,,,,,,,,
578,1,578,1,578,100,,,,,,,,
579,1,579,3,579,98,,,,,,,,
580,2,580,5,580,103,,,,,,,,
581,3,581,2,581,103,,,,,,,,
582,3,582,3,582,65,,,,,,,,
583,1,583,5,583,84,,,,,,,,
584,1,584,3,584,85,,,,,,,,
585,4,585,4,585,78,,,,,,,,
586,3,586,2,586,81,,,,,,,,
587,2,587,4,587,78,,,,,,,,
588,1,588,1,588,67,,,,,,,,
589,3,589,2,589,62,,,,,,,,
590,3,590,5,590,59,,,,,,,,
591,4,591,4,591,81,,,,,,,,
592,3,592,5,592,68,,,,,,,,
593,1,593,3,593,89,,,,,,,,
594,3,594,3,594,83,,,,,,,,
595,1,595,5,595,83,,,,,,,,
596,1,596,4,596,78,,,,,,,,
597,0,597,4,597,75,,,,,,,,
598,0,598,3,598,89,,,,,,,,
599,1,599,6,599,96,,,,,,,,
600,0,600,1,600,92,,,,,,,,
601,1,601,2,601,110,,,,,,,,
602,0,602,4,602,99,,,,,,,,
603,3,603,5,603,106,,,,,,,,
604,0,604,5,604,120,,,,,,,,
605,5,605,6,605,143,,,,,,,,
606,0,606,3,606,156,,,,,,,,
607,1,607,2,607,163,,,,,,,,
608,1,608,5,608,204,,,,,,,,
609,2,609,2,609,210,,,,,,,,
610,1,610,4,610,235,,,,,,,,
611,0,611,3,611,219,,,,,,,,
612,0,612,3,612,279,,,,,,,,
613,0,613,2,613,337,,,,,,,,
614,0,614,5,614,345,,,,,,,,
615,2,615,2,615,349,,,,,,,,
616,1,616,3,616,402,,,,,,,,
617,1,617,3,617,419,,,,,,,,
618,1,618,3,618,463,,,,,,,,
619,0,619,7,619,516,,,,,,,,
620,0,620,3,620,554,,,,,,,,
621,1,621,3,621,551,,,,,,,,
622,2,622,4,622,589,,,,,,,,
623,1,623,3,623,626,,,,,,,,
624,3,624,5,624,611,,,,,,,,
625,1,625,4,625,676,,,,,,,,
626,0,626,4,626,644,,,,,,,,
627,1,627,5,627,674,,,,,,,,
628,3,628,0,628,655,,,,,,,,
629,0,629,2,629,631,,,,,,,,
630,0,630,4,630,580,,,,,,,,
631,0,631,3,631,625,,,,,,,,
632,0,632,4,632,572,,,,,,,,
633,2,633,3,633,543,,,,,,,,
634,0,634,4,634,514,,,,,,,,
635,0,635,1,635,518,,,,,,,,
636,1,636,6,636,470,,,,,,,,
637,1,637,1,637,412,,,,,,,,
638,2,638,4,638,347,,,,,,,,
639,0,639,4,639,353,,,,,,,,
640,1,640,4,640,345,,,,,,,,
641,1,641,6,641,307,,,,,,,,
642,1,642,1,642,252,,,,,,,,
643,1,643,2,643,245,,,,,,,,
644,0,644,2,644,225,,,,,,,,
645,1,645,2,645,184,,,,,,,,
646,2,646,1,646,166,,,,,,,,
647,2,647,2,647,129,,,,,,,,
648,2,648,5,648,122,,,,,,,,
649,0,649,2,649,90,,,,,,,,
650,2,650,3,650,100,,,,,,,,
651,0,651,1,651,71,,,,,,,,
652,2,652,3,652,61,,,,,,,,
653,0,653,5,653,65,,,,,,,,
654,2,654,5,654,41,,,,,,,,
655,0,655,0,655,48,,,,,,,,
656,1,656,2,656,31,,,,,,,,
657,2,657,6,657,40,,,,,,,,
658,1,658,0,658,38,,,,,,,,
659,0,659,3,659,34,,,,,,,,
660,0,660,1,660,35,,,,,,,,
661,1,661,2,661,24,,,,,,,,
662,1,662,0,662,27,,,,,,,,
663,0,663,4,663,22,,,,,,,,
664,0,664,3,664,26,,,,,,,,
665,0,665,0,665,24,,,,,,,,
666,1,666,5,666,26,,,,,,,,
667,0,667,2,667,25,,,,,,,,
668,2,668,1,668,27,,,,,,,,
669,0,669,3,669,28,,,,,,,,
670,2,670,3,670,27,,,,,,,,
671,0,671,1,671,28,,,,,,,,
672,1,672,4,672,21,,,,,,,,
673,1,673,3,673,28,,,,,,,,
674,3,674,5,674,22,,,,,,,,
675,0,675,0,675,31,,,,,,,,
676,1,676,3,676,19,,,,,,,,
677,1,677,4,677,31,,,,,,,,
678,0,678,6,678,32,,,,,,,,
679,0,679,2,679,25,,,,,,,,
680,1,680,5,680,23,,,,,,,,
681,0,681,6,681,21,,,,,,,,
682,0,682,1,682,30,,,,,,,,
683,0,683,1,683,34,,,,,,,,
684,2,684,4,684,48,,,,,,,,
685,0,685,3,685,29,,,,,,,,
686,0,686,4,686,33,,,,,,,,
687,0,687,2,687,40,,,,,,,,
688,0,688,6,688,30,,,,,,,,
689,0,689,6,689,33,,,,,,,,
690,0,690,4,690,40,,,,,,,,
691,2,691,4,691,30,,,,,,,,
692,0,692,3,692,37,,,,,,,,
693,1,693,4,693,32,,,,,,,,
694,1,694,1,694,40,,,,,,,,
695,0,695,3,695,32,,,,,,,,
696,0,696,1,696,36,,,,,,,,
697,1,697,3,697,35,,,,,,,,
698,0,698,2,698,28,,,,,,,,
699,1,699,3,699,39,,,,,,,,
700,0,700,1,700,29,,,,,,,,
701,0,701,4,701,38,,,,,,,,
702,0,702,3,702,32,,,,,,,,
703,1,703,4,703,29,,,,,,,,
704,0,704,2,704,26,,,,,,,,
705,0,705,3,705,42,,,,,,,,
706,0,706,2,706,23,,,,,,,,
707,0,707,3,707,23,,,,,,,,
708,0,708,3,708,21,,,,,,,,
709,0,709,0,709,28,,,,,,,,
710,0,710,1,710,31,,,,,,,,
711,0,711,0,711,28,,,,,,,,
712,0,712,2,712,23,,,,,,,,
713,0,713,2,713,19,,,,,,,,
714,0,714,0,714,22,,,,,,,,
715,0,715,2,715,25,,,,,,,,
716,0,716,1,716,15,,,,,,,,
717,1,717,5,717,18,,,,,,,,
718,0,718,3,718,16,,,,,,,,
719,0,719,3,719,20,,,,,,,,
720,0,720,3,720,15,,,,,,,,
721,0,721,3,721,18,,,,,,,,
722,1,722,1,722,23,,,,,,,,
723,0,723,1,723,13,,,,,,,,
724,0,724,4,724,14,,,,,,,,
725,1,725,2,725,16,,,,,,,,
726,0,726,3,726,12,,,,,,,,
727,0,727,2,727,13,,,,,,,,
728,1,728,3,728,12,,,,,,,,
729,0,729,2,729,11,,,,,,,,
730,0,730,1,730,8,,,,,,,,
731,0,731,4,731,8,,,,,,,,
732,1,732,2,732,10,,,,,,,,
733,0,733,1,733,9,,,,,,,,
734,1,734,2,734,11,,,,,,,,
735,0,735,0,735,10,,,,,,,,
736,0,736,1,736,6,,,,,,,,
737,0,737,1,737,8,,,,,,,,
738,0,738,5,738,12,,,,,,,,
739,0,739,3,739,10,,,,,,,,
740,0,740,3,740,9,,,,,,,,
741,0,741,3,741,6,,,,,,,,
742,0,742,2,742,7,,,,,,,,
743,0,743,2,743,8,,,,,,,,
744,0,744,4,744,6,,,,,,,,
745,0,745,2,745,5,,,,,,,,
746,1,746,5,746,2,,,,,,,,
747,0,747,1,747,12,,,,,,,,
748,0,748,0,748,12,,,,,,,,
749,0,749,0,749,4,,,,,,,,
750,0,750,4,750,8,,,,,,,,
751,0,751,0,751,13,,,,,,,,
752,0,752,3,752,6,,,,,,,,
753,0,753,1,753,6,,,,,,,,
754,0,754,2,754,6,,,,,,,,
755,0,755,1,755,10,,,,,,,,
756,0,756,4,756,6,,,,,,,,
757,0,757,5,757,7,,,,,,,,
758,0,758,3,758,6,,,,,,,,
759,0,759,2,759,6,,,,,,,,
760,0,760,0,760,5,,,,,,,,
761,0,761,2,761,6,,,,,,,,
762,0,762,2,762,8,,,,,,,,
763,0,763,1,763,8,,,,,,,,
764,0,764,0,764,7,,,,,,,,
765,0,765,4,765,7,,,,,,,,
766,0,766,4,766,5,,,,,,,,
767,0,767,1,767,2,,,,,,,,
768,0,768,2,768,6,,,,,,,,
769,0,769,1,769,6,,,,,,,,
770,0,770,4,770,3,,,,,,,,
771,0,771,1,771,4,,,,,,,,
772,0,772,1,772,5,,,,,,,,
773,0,773,2,773,5,,,,,,,,
774,0,774,1,774,3,,,,,,,,
775,0,775,4,775,7,,,,,,,,
776,0,776,3,776,7,,,,,,,,
777,0,777,2,777,6,,,,,,,,
778,0,778,2,778,8,,,,,,,,
779,0,779,2,779,4,,,,,,,,
780,0,780,2,780,5,,,,,,,,
781,0,781,0,781,4,,,,,,,,
782,0,782,2,782,6,,,,,,,,
783,0,783,2,783,7,,,,,,,,
784,0,784,1,784,6,,,,,,,,
785,0,785,1,785,7,,,,,,,,
786,0,786,1,786,5,,,,,,,,
787,0,787,1,787,3,,,,,,,,
788,0,788,3,788,17,,,,,,,,
789,0,789,1,789,10,,,,,,,,
790,0,790,0,790,9,,,,,,,,
791,0,791,1,791,3,,,,,,,,
792,0,792,0,792,7,,,,,,,,
793,0,793,0,793,6,,,,,,,,
794,0,794,1,794,2,,,,,,,,
795,0,795,0,795,6,,,,,,,,
796,0,796,1,796,9,,,,,,,,
797,0,797,1,797,10,,,,,,,,
798,0,798,1,798,10,,,,,,,,
799,0,799,0,799,8,,,,,,,,
800,0,800,1,800,12,,,,,,,,
801,0,801,0,801,5,,,,,,,,
802,0,802,0,802,11,,,,,,,,
803,0,803,2,803,11,,,,,,,,
804,0,804,0,804,8,,,,,,,,
805,0,805,0,805,0,,,,,,,,
806,0,806,0,806,8,,,,,,,,
807,0,807,1,807,7,,,,,,,,
808,0,808,0,808,2,,,,,,,,
809,0,809,0,809,4,,,,,,,,
810,1,810,1,810,4,,,,,,,,
811,0,811,2,811,5,,,,,,,,
812,0,812,2,812,6,,,,,,,,
813,0,813,1,813,4,,,,,,,,
814,0,814,0,814,7,,,,,,,,
815,0,815,0,815,3,,,,,,,,
816,0,816,0,816,4,,,,,,,,
817,0,817,0,817,10,,,,,,,,
818,0,818,0,818,5,,,,,,,,
819,0,819,1,819,3,,,,,,,,
820,0,820,0,820,3,,,,,,,,
821,0,821,2,821,6,,,,,,,,
822,0,822,1,822,2,,,,,,,,
823,0,823,5,823,5,,,,,,,,
824,0,824,1,824,2,,,,,,,,
825,0,825,2,825,6,,,,,,,,
826,0,826,2,826,3,,,,,,,,
827,1,827,2,827,3,,,,,,,,
828,0,828,2,828,5,,,,,,,,
829,0,829,1,829,3,,,,,,,,
830,0,830,1,830,5,,,,,,,,
831,0,831,4,831,1,,,,,,,,
832,0,832,2,832,8,,,,,,,,
833,0,833,1,833,2,,,,,,,,
834,0,834,4,834,2,,,,,,,,
835,0,835,5,835,4,,,,,,,,
836,0,836,4,836,3,,,,,,,,
837,0,837,7,837,4,,,,,,,,
838,0,838,5,838,0,,,,,,,,
839,0,839,3,839,2,,,,,,,,
840,0,840,6,840,2,,,,,,,,
841,1,841,5,841,2,,,,,,,,
842,0,842,4,842,2,,,,,,,,
843,0,843,6,843,2,,,,,,,,
844,0,844,6,844,6,,,,,,,,
845,0,845,7,845,4,,,,,,,,
846,1,846,6,846,2,,,,,,,,
847,0,847,5,847,5,,,,,,,,
848,0,848,7,848,5,,,,,,,,
849,0,849,3,849,2,,,,,,,,
850,0,850,8,850,3,,,,,,,,
851,0,851,4,851,2,,,,,,,,
852,0,852,10,852,1,,,,,,,,
853,0,853,5,853,2,,,,,,,,
854,0,854,5,854,4,,,,,,,,
855,0,855,5,855,1,,,,,,,,
856,0,856,6,856,3,,,,,,,,
857,0,857,5,857,2,,,,,,,,
858,1,858,3,858,4,,,,,,,,
859,0,859,6,859,2,,,,,,,,
860,0,860,5,860,2,,,,,,,,
861,1,861,4,861,3,,,,,,,,
862,0,862,2,862,2,,,,,,,,
863,0,863,1,863,3,,,,,,,,
864,0,864,2,864,1,,,,,,,,
865,0,865,4,865,3,,,,,,,,
866,0,866,3,866,1,,,,,,,,
867,0,867,0,867,2,,,,,,,,
868,0,868,0,868,2,,,,,,,,
869,0,869,3,869,0,,,,,,,,
870,0,870,3,870,3,,,,,,,,
871,0,871,1,871,4,,,,,,,,
872,0,872,2,872,2,,,,,,,,
873,0,873,0,873,4,,,,,,,,
874,1,874,2,874,3,,,,,,,,
875,0,875,0,875,3,,,,,,,,
876,0,876,2,876,4,,,,,,,,
877,0,877,0,877,2,,,,,,,,
878,0,878,0,878,3,,,,,,,,
879,0,879,1,879,2,,,,,,,,
880,0,880,0,880,2,,,,,,,,
881,0,881,1,881,1,,,,,,,,
882,0,882,1,882,4,,,,,,,,
883,0,883,0,883,0,,,,,,,,
884,0,884,1,884,2,,,,,,,,
885,0,885,0,885,4,,,,,,,,
886,0,886,0,886,0,,,,,,,,
887,1,887,0,887,3,,,,,,,,
888,1,888,0,888,0,,,,,,,,
889,0,889,0,889,2,,,,,,,,
890,0,890,0,890,3,,,,,,,,
891,0,891,0,891,7,,,,,,,,
892,0,892,0,892,2,,,,,,,,
893,0,893,0,893,1,,,,,,,,
894,0,894,0,894,6,,,,,,,,
895,0,895,0,895,3,,,,,,,,
896,0,896,0,896,0,,,,,,,,
897,0,897,0,897,5,,,,,,,,
898,0,898,0,898,2,,,,,,,,
899,0,899,0,899,1,,,,,,,,
900,0,900,0,900,2,,,,,,,,
901,0,901,0,901,3,,,,,,,,
902,0,902,0,902,0,,,,,,,,
903,0,903,0,903,3,,,,,,,,
904,0,904,0,904,1,,,,,,,,
905,0,905,0,905,4,,,,,,,,
906,0,906,0,906,0,,,,,,,,
907,0,907,0,907,0,,,,,,,,
908,0,908,0,908,2,,,,,,,,
909,0,909,0,909,1,,,,,,,,
910,0,910,0,910,1,,,,,,,,
911,0,911,0,911,1,,,,,,,,
912,0,912,0,912,1,,,,,,,,
913,0,913,0,913,2,,,,,,,,
914,0,914,0,914,0,,,,,,,,
915,0,915,0,915,1,,,,,,,,
916,0,916,0,916,3,,,,,,,,
917,0,917,0,917,4,,,,,,,,
918,0,918,0,918,2,,,,,,,,
919,0,919,0,919,1,,,,,,,,
920,0,920,0,920,3,,,,,,,,
921,0,921,0,921,2,,,,,,,,
922,0,922,0,922,2,,,,,,,,
923,0,923,0,923,1,,,,,,,,
924,0,924,0,924,2,,,,,,,,
925,0,925,0,925,1,,,,,,,,
926,0,926,0,926,0,,,,,,,,
927,0,927,0,927,0,,,,,,,,
928,0,928,0,928,2,,,,,,,,
929,0,929,0,929,0,,,,,,,,
930,0,930,0,930,3,,,,,,,,
931,0,931,0,931,1,,,,,,,,
932,0,932,0,932,2,,,,,,,,
933,0,933,0,933,1,,,,,,,,
934,0,934,0,934,0,,,,,,,,
935,0,935,0,935,2,,,,,,,,
936,0,936,0,936,0,,,,,,,,
937,0,937,0,937,0,,,,,,,,
938,0,938,0,938,0,,,,,,,,
939,0,939,0,939,1,,,,,,,,
940,0,940,0,940,1,,,,,,,,
941,0,941,0,941,0,,,,,,,,
942,0,942,0,942,4,,,,,,,,
943,0,943,0,943,1,,,,,,,,
944,0,944,0,944,1,,,,,,,,
945,0,945,0,945,2,,,,,,,,
946,0,946,0,946,0,,,,,,,,
947,0,947,0,947,2,,,,,,,,
948,0,948,0,948,0,,,,,,,,
949,0,949,0,949,2,,,,,,,,
950,0,950,0,950,1,,,,,,,,
951,0,951,0,951,3,,,,,,,,
952,0,952,0,952,2,,,,,,,,
953,0,953,0,953,1,,,,,,,,
954,0,954,0,954,1,,,,,,,,
955,0,955,0,955,2,,,,,,,,
956,0,956,0,956,3,,,,,,,,
957,0,957,0,957,0,,,,,,,,
958,0,958,0,958,0,,,,,,,,
959,0,959,0,959,2,,,,,,,,
960,0,960,0,960,1,,,,,,,,
961,0,961,0,961,1,,,,,,,,
962,0,962,0,962,2,,,,,,,,
963,0,963,0,963,1,,,,,,,,
964,0,964,0,964,1,,,,,,,,
965,0,965,0,965,0,,,,,,,,
966,0,966,0,966,1,,,,,,,,
967,0,967,0,967,1,,,,,,,,
968,0,968,0,968,2,,,,,,,,
969,0,969,0,969,1,,,,,,,,
970,0,970,0,970,0,,,,,,,,
971,0,971,0,971,1,,,,,,,,
972,0,972,0,972,1,,,,,,,,
973,0,973,0,973,0,,,,,,,,
974,0,974,0,974,2,,,,,,,,
975,0,975,0,975,0,,,,,,,,
976,0,976,0,976,0,,,,,,,,
977,0,977,0,977,4,,,,,,,,
978,0,978,0,978,1,,,,,,,,
979,0,979,0,979,2,,,,,,,,
980,0,980,0,980,1,,,,,,,,
981,0,981,0,981,0,,,,,,,,
982,0,982,0,982,1,,,,,,,,
983,0,983,0,983,2,,,,,,,,
984,1,984,0,984,1,,,,,,,,
985,1,985,0,985,1,,,,,,,,
986,0,986,0,986,0,,,,,,,,
987,0,987,0,987,2,,,,,,,,
988,0,988,0,988,1,,,,,,,,
989,0,989,0,989,0,,,,,,,,
990,1,990,0,990,1,,,,,,,,
991,0,991,0,991,2,,,,,,,,
992,0,992,0,992,1,,,,,,,,
993,0,993,0,993,0,,,,,,,,
994,0,994,0,994,0,,,,,,,,
995,0,995,0,995,1,,,,,,,,
996,0,996,0,996,1,,,,,,,,
997,0,997,0,997,1,,,,,,,,
998,0,998,0,998,0,,,,,,,,
999,0,999,0,999,2,,,,,,,,
1000,0,1000,0,1000,1,,,,,,,,
1001,0,1001,0,1001,1,,,,,,,,
1002,0,1002,0,1002,1,,,,,,,,
1003,0,1003,0,1003,1,,,,,,,,
1004,0,1004,0,1004,0,,,,,,,,
1005,0,1005,0,1005,1,,,,,,,,
1006,0,1006,0,1006,2,,,,,,,,
1007,0,1007,0,1007,1,,,,,,,,
1008,1,1008,0,1008,0,,,,,,,,
1009,0,1009,0,1009,1,,,,,,,,
1010,0,1010,0,1010,1,,,,,,,,
1011,0,1011,0,1011,0,,,,,,,,
1012,0,1012,0,1012,2,,,,,,,,
1013,0,1013,0,1013,0,,,,,,,,
1014,0,1014,0,1014,0,,,,,,,,
1015,1,1015,0,1015,0,,,,,,,,
1016,0,1016,0,1016,0,,,,,,,,
1017,0,1017,0,1017,1,,,,,,,,
1018,0,1018,0,1018,1,,,,,,,,
1019,0,1019,0,1019,0,,,,,,,,
1020,0,1020,0,1020,0,,,,,,,,
1021,0,1021,0,1021,0,,,,,,,,
1022,0,1022,0,1022,1,,,,,,,,
1023,37,1023,79,1023,138,,,,,,,,